<?xml version="1.0" encoding="UTF-8"?>
<!DOCTYPE mapper PUBLIC "-//mybatis.org//DTD Mapper 3.0//EN" "http://mybatis.org/dtd/mybatis-3-mapper.dtd">
<mapper namespace="reply">

	<insert id="create" 
			parameterType="replyDTO" 
			useGeneratedKeys="true" 
			keyProperty="id">
		insert into reply values (null,#{oriid},#{content},#{writer})
	</insert>

	<!-- mybatis는 db테이블의 컬럼명과 dto의 변수명이 같으면 검색했을 때 
	     해당 컬럼에 맞는 값을 꺼내서 dto의 이름이 같은 변수를 찾아서 자동으로 값을 넣어줌.
	     set변수명();
	     컬럼명과 dto의 변수명이 맞지 않으면, 개발자가 수동으로 매핑을 시켜주어야 함.
	 -->
<!-- 	<resultMap type="replyVO" id="result1">
		<result property="id" column="no"/>
		<result property="bbsId" column="oriid"/>
		<result property="content" column="content"/>
		<result property="writer" column="writer"/>
	</resultMap> -->
<!-- <select id="list" resultMap="result1"> -->

	<select id="list" resultType="replyDTO" parameterType="int">
		select * from reply
		where oriid = #{id}
	</select>
</mapper>











