<?xml version="1.0" encoding="UTF-8"?>
<!DOCTYPE mapper PUBLIC "-//mybatis.org//DTD Mapper 3.0//EN" "http://mybatis.org/dtd/mybatis-3-mapper.dtd">
<mapper namespace="boardMapper">

	<insert id="insertBoard" parameterType="boardDTO" useGeneratedKeys="true" keyProperty="no">
		insert into board ( title, content, writer )
		values ( #{ title }, #{ content }, #{ writer } )
	</insert>
	
	
	<select id="selectBoard" parameterType="int" resultType="boardDTO">
		select * from board
		where no = #{no}
	</select>
	
	
	<select id="selectList" resultType="boardDTO">
		select * from board 
		order by no desc
	</select>
	
	
 	<delete id="deleteBoard" parameterType="int"> 
		delete from board where no = #{no} 
	</delete>
	
	
 	<update id="updateBoard" parameterType="map">
		update board 
		set title = #{title}, content = #{content}
		where no = #{no}
	</update>
</mapper>
